Nombre de Programa;Nomenclaruta Programa;Linea de Negocio;Modalidad;Facultad;Nomenclatura Facultad;Código Banner;Lista Pardot;Periodo;Código Carrera;Nombre de Programa2;Link del Programa;PP1;PP1d;PP2;PP2d;PP3;PP3d;PP4;PP4d;Columna3
Administración de Empresas Vespertino;ADMEN;Pregrado;Pregrado Vespertino;Facultad de Ciencias Económicas y Administrativas;FACEA;UDLA2P237-202610-237;UDLA_PD_FACEA_ADMEN_LTD_GENERAL;202610;Administración-N;Administración de Empresas Vespertino;https://www.udla.edu.ec/estudios/pregrado/administracion-de-empresas/?modalidad=nocturno;FB_LP_ADMEN_VISITAS180D;Visitas a la landing ADMEN;FB_LP_ADMEN_SINREGISTRO180D;Visitas a la landing sin registro ADMEN;FB_LP_ADMEN_REGISTROS180D;Visitas a la landing registro ADMEN;FB_LP_ADMEN_FORM90D;Registro Form ADMEN;
Comunicación Vespertino;COMUN;Pregrado;Pregrado Vespertino;Facultad de Comunicación y Artes Visuales NODO;NODO;UDLA2P577-202610-577;UDLA_PD_NODO_COMUN_LTD_GENERAL;202610;Comunicación-N;Comunicación Vespertino;https://www.udla.edu.ec/estudios/pregrado/comunicacion/?modalidad=nocturno;FB_LP_COMUN_VISITAS180D;Visitas a la landing COMUN;FB_LP_COMUN_SINREGISTRO180D;Visitas a la landing sin registro COMUN;FB_LP_COMUN_REGISTROS180D;Visitas a la landing registro COMUN;FB_LP_COMUN_FORM90D;Registro Form COMUN;
Derecho Vespertino;DEREC;Pregrado;Pregrado Vespertino;Facultad de Derecho;FDEREC;UDLA2P567-202610-567;UDLA_PD_FDERECH_DEREC_LTD_GENERAL;202610;Derecho-N;Derecho Vespertino;https://www.udla.edu.ec/estudios/pregrado/derecho/?modalidad=nocturno;FB_LP_DEREC_VISITAS180D;Visitas a la landing DEREC;FB_LP_DEREC_SINREGISTRO180D;Visitas a la landing sin registro DEREC;FB_LP_DEREC_REGISTROS180D;Visitas a la landing registro DEREC;FB_LP_DEREC_FORM90D;Registro Form DEREC;
Marketing Vespertino;MARKT;Pregrado;Pregrado Vespertino;Facultad de Ciencias Económicas y Administrativas;FACEA;UDLA1H264-202610-264S;UDLA_PD_FACEA_MARKT_LTD_GENERAL;202610;Marketing-N;Marketing Vespertino;https://www.udla.edu.ec/estudios/pregrado/marketing/?modalidad=nocturno;FB_LP_MARKT_VISITAS180D;Visitas a la landing MARKT;FB_LP_MARKT_SINREGISTRO180D;Visitas a la landing sin registro MARKT;FB_LP_MARKT_REGISTROS180D;Visitas a la landing registro MARKT;FB_LP_MARKT_FORM90D;Registro Form MARKT;
Negocios Internacionales Vespertino;NEGIN;Pregrado;Pregrado Vespertino;Facultad de Ciencias Económicas y Administrativas;FACEA;UDLA1H254-202610-254;UDLA_PD_FACEA_NEGIN_LTD_GENERAL;202610;Negocios Internacionales-N;Negocios Internacionales Vespertino;https://www.udla.edu.ec/estudios/pregrado/negocios-internacionales/?modalidad=nocturno;FB_LP_NEGIN_VISITAS180D;Visitas a la landing NEGIN;FB_LP_NEGIN_SINREGISTRO180D;Visitas a la landing sin registro NEGIN;FB_LP_NEGIN_REGISTROS180D;Visitas a la landing registro NEGIN;FB_LP_NEGIN_FORM90D;Registro Form NEGIN;
Psicología Vespertino;PSICO;Pregrado;Pregrado Vespertino;Escuela de Psicología y Educación;EPSIC;UDLA1H594-202610-594S;UDLA_PD_EPSIC_PSICO_LTD_GENERAL;202610;Psicología-N;Psicología Vespertino;https://www.udla.edu.ec/estudios/pregrado/psicologia/?modalidad=nocturno;FB_LP_PSICO_VISITAS180D;Visitas a la landing PSICO;FB_LP_PSICO_SINREGISTRO180D;Visitas a la landing sin registro PSICO;FB_LP_PSICO_REGISTROS180D;Visitas a la landing registro PSICO;FB_LP_PSICO_FORM90D;Registro Form PSICO;
Administración de Empresas Híbrido;ADMEN;Pregrado;Pregrado Híbrido;Facultad de Ciencias Económicas y Administrativas;FACEA;UDLA1H234-202610-234;UDLA_PD_FACEA_ADMEN_LTDD_GENERAL;202610;Administración-H;Administración de Empresas Híbrido;https://www.udla.edu.ec/estudios/pregrado/administracion-de-empresas/?modalidad=hibrida;FB_LP_ADMEN_VISITAS180D;Visitas a la landing ADMEN;FB_LP_ADMEN_SINREGISTRO180D;Visitas a la landing sin registro ADMEN;FB_LP_ADMEN_REGISTROS180D;Visitas a la landing registro ADMEN;FB_LP_ADMEN_FORM90D;Registro Form ADMEN;
Ingeniería en Ciberseguridad Híbrido;CIBER;Pregrado;Pregrado Híbrido;Facultad de Ingeniería y Ciencias Aplicadas;FICA;UDLA1H070-202610-070;UDLA_PD_FICA_CIBER_LTD_GENERAL;202610;Ciberseguridad-H;Ingeniería en Ciberseguridad Híbrido;https://www.udla.edu.ec/estudios/pregrado/ciberseguridad/?modalidad=hibrida;FB_LP_CIBER_VISITAS180D;Visitas a la landing CIBER;FB_LP_CIBER_SINREGISTRO180D;Visitas a la landing sin registro CIBER;FB_LP_CIBER_REGISTROS180D;Visitas a la landing registro CIBER;FB_LP_CIBER_FORM90D;Registro Form CIBER;
Comunicación Híbrido;COMUN;Pregrado;Pregrado Híbrido;Facultad de Comunicación y Artes Visuales NODO;NODO;UDLA1H574-202610-574;UDLA_PD_NODO_COMUN_LTD_GENERAL;202610;Comunicación-H;Comunicación Híbrido;https://www.udla.edu.ec/estudios/pregrado/comunicacion/?modalidad=hibrida;FB_LP_COMUN_VISITAS180D;Visitas a la landing COMUN;FB_LP_COMUN_SINREGISTRO180D;Visitas a la landing sin registro COMUN;FB_LP_COMUN_REGISTROS180D;Visitas a la landing registro COMUN;FB_LP_COMUN_FORM90D;Registro Form COMUN;
Derecho Híbrido;DEREC;Pregrado;Pregrado Híbrido;Facultad de Derecho;FDEREC;UDLA1H564-202610-564;UDLA_PD_FDERECH_DEREC_LTD_GENERAL;202610;Derecho-H;Derecho Híbrido;https://www.udla.edu.ec/estudios/pregrado/derecho/?modalidad=hibrida;FB_LP_DEREC_VISITAS180D;Visitas a la landing DEREC;FB_LP_DEREC_SINREGISTRO180D;Visitas a la landing sin registro DEREC;FB_LP_DEREC_REGISTROS180D;Visitas a la landing registro DEREC;FB_LP_DEREC_FORM90D;Registro Form DEREC;
Educación Híbrido;EDUCA;Pregrado;Pregrado Híbrido;Escuela de Psicología y Educación;EPSIC;UDLA1H003-202610-003I;UDLA_PD_EPSIC_EDUCA_LTD_GENERAL;202610;Educación-H;Educación Híbrido;https://www.udla.edu.ec/estudios/pregrado/educacion-hibrida/?modalidad=hibrida;FB_LP_EDUCA_VISITAS180D;Visitas a la landing EDUCA;FB_LP_EDUCA_SINREGISTRO180D;Visitas a la landing sin registro EDUCA;FB_LP_EDUCA_REGISTROS180D;Visitas a la landing registro EDUCA;FB_LP_EDUCA_FORM90D;Registro Form EDUCA;
Marketing Híbrido;MARKT;Pregrado;Pregrado Híbrido;Facultad de Ciencias Económicas y Administrativas;FACEA;UDLA1P264-202610-264S;UDLA_PD_FACEA_MARKT_LTD_GENERAL;202610;Marketing-H;Marketing Híbrido;https://www.udla.edu.ec/estudios/pregrado/marketing/?modalidad=hibrida;FB_LP_MARKT_VISITAS180D;Visitas a la landing MARKT;FB_LP_MARKT_SINREGISTRO180D;Visitas a la landing sin registro MARKT;FB_LP_MARKT_REGISTROS180D;Visitas a la landing registro MARKT;FB_LP_MARKT_FORM90D;Registro Form MARKT;
Negocios Internacionales Híbrido;NEGIN;Pregrado;Pregrado Híbrido;Facultad de Ciencias Económicas y Administrativas;FACEA;UDLA1P254-202610-254;UDLA_PD_FACEA_NEGIN_LTD_GENERAL;202610;Negocios Internacionales-H;Negocios Internacionales Híbrido;https://www.udla.edu.ec/estudios/pregrado/negocios-internacionales/?modalidad=hibrida;FB_LP_NEGIN_VISITAS180D;Visitas a la landing NEGIN;FB_LP_NEGIN_SINREGISTRO180D;Visitas a la landing sin registro NEGIN;FB_LP_NEGIN_REGISTROS180D;Visitas a la landing registro NEGIN;FB_LP_NEGIN_FORM90D;Registro Form NEGIN;
Psicología Educativa Híbrido;PSIED;Pregrado;Pregrado Híbrido;Escuela de Psicología y Educación;EPSIC;UDLA1P454-202610-454;UDLA_PD_EPSIC_PSIED_LTD_GENERAL;202610;Psicología Educativa-H;Psicología Educativa Híbrido;https://www.udla.edu.ec/estudios/pregrado/psicologia-educativa/?modalidad=hibrida;FB_LP_PSIED_VISITAS180D;Visitas a la landing PSIED;FB_LP_PSIED_SINREGISTRO180D;Visitas a la landing sin registro PSIED;FB_LP_PSIED_REGISTROS180D;Visitas a la landing registro PSIED;FB_LP_PSIED_FORM90D;Registro Form PSIED;
Psicología Híbrido;PSICO;Pregrado;Pregrado Híbrido;Escuela de Psicología y Educación;EPSIC;UDLA1P594-202610-594S;UDLA_PD_EPSIC_PSICO_LTD_GENERAL;202610;Psicología-H;Psicología Híbrido;https://www.udla.edu.ec/estudios/pregrado/psicologia/?modalidad=hibrida;FB_LP_PSICO_VISITAS180D;Visitas a la landing PSICO;FB_LP_PSICO_SINREGISTRO180D;Visitas a la landing sin registro PSICO;FB_LP_PSICO_REGISTROS180D;Visitas a la landing registro PSICO;FB_LP_PSICO_FORM90D;Registro Form PSICO;
Ingeniería en Software Híbrido;SOFTW;Pregrado;Pregrado Híbrido;Facultad de Ingeniería y Ciencias Aplicadas;FICA;UDLA1P791-202610-791;UDLA_PD_FICA_SOFTW_LTD_GENERAL;202610;Software-H;Ingeniería en Software Híbrido;https://www.udla.edu.ec/estudios/pregrado/software/;FB_LP_SOFTW_VISITAS180D;Visitas a la landing SOFTW;FB_LP_SOFTW_SINREGISTRO180D;Visitas a la landing sin registro SOFTW;FB_LP_SOFTW_REGISTROS180D;Visitas a la landing registro SOFTW;FB_LP_SOFTW_FORM90D;Registro Form SOFTW;
Administración de Empresas;ADMEN;Pregrado;Pregrado Diurno;Facultad de Ciencias Económicas y Administrativas;FACEA;UDLA1P234-202610-234;UDLA_PD_FACEA_ADMEN_LTD_GENERAL;202610;Administración-D;Administración de Empresas;https://www.udla.edu.ec/estudios/pregrado/administracion-de-empresas/;FB_LP_ADMEN_VISITAS180D;Visitas a la landing ADMEN;FB_LP_ADMEN_SINREGISTRO180D;Visitas a la landing sin registro ADMEN;FB_LP_ADMEN_REGISTROS180D;Visitas a la landing registro ADMEN;FB_LP_ADMEN_FORM90D;Registro Form ADMEN;
Administración de Empresas Dual;ADMEND;Pregrado;Pregrado Diurno;Facultad de Ciencias Económicas y Administrativas;FACEA;UDLA1U001-202610-U001;UDLA_PD_FACEA_ADMEN_DUAL_LTD_GENERAL;202610;Administración-Dual;Administración de Empresas Dual;https://www.udla.edu.ec/estudios/pregrado/administracion-de-empresas-dual/;FB_LP_ADMEND_VISITAS180D;Visitas a la landing ADMEND;FB_LP_ADMEND_SINREGISTRO180D;Visitas a la landing sin registro ADMEND;FB_LP_ADMEND_REGISTROS180D;Visitas a la landing registro ADMEND;FB_LP_ADMEND_FORM90D;Registro Form ADMEND;
Administración Pública;ADMPUB;Pregrado;Pregrado Diurno;Facultad de Ciencias Económicas y Administrativas;FACEA;UDLA1P104-202610-104;UDLA_PD_FACEA_ADMPUB_ALL_LTD_GENERAL;202610;Administración-Pública;Administración Pública;https://www.udla.edu.ec/estudios/pregrado/administracion-publica/;FB_LP_ADMPUB_VISITAS180D;Visitas a la landing ADMPUB;FB_LP_ADMPUB_SINREGISTRO180D;Visitas a la landing sin registro ADMPUB;FB_LP_ADMPUB_REGISTROS180D;Visitas a la landing registro ADMPUB;FB_LP_ADMPUB_FORM90D;Registro Form ADMPUB;
Ingeniería en Agroindustria;AGROI;Pregrado;Pregrado Diurno;Facultad de Ingeniería y Ciencias Aplicadas;FICA;UDLA1P444-202610-444;UDLA_PD_FICA_AGROI_LTD_GENERAL;202610;Agroindustria-D;Ingeniería en Agroindustria;https://www.udla.edu.ec/estudios/pregrado/agroindustrial/;FB_LP_AGROI_VISITAS180D;Visitas a la landing AGROI;FB_LP_AGROI_SINREGISTRO180D;Visitas a la landing sin registro AGROI;FB_LP_AGROI_REGISTROS180D;Visitas a la landing registro AGROI;FB_LP_AGROI_FORM90D;Registro Form AGROI;
Ingeniería Ambiental;AMBIE;Pregrado;Pregrado Diurno;Facultad de Ingeniería y Ciencias Aplicadas;FICA;UDLA1P684-202610-684;UDLA_PD_FICA_AMBIE_LTD_GENERAL;202610;Ambiental-D;Ingeniería Ambiental;https://www.udla.edu.ec/estudios/pregrado/ambiental/;FB_LP_AMBIE_VISITAS180D;Visitas a la landing AMBIE;FB_LP_AMBIE_SINREGISTRO180D;Visitas a la landing sin registro AMBIE;FB_LP_AMBIE_REGISTROS180D;Visitas a la landing registro AMBIE;FB_LP_AMBIE_FORM90D;Registro Form AMBIE;
Arquitectura de Interiores;ARQTIN;Pregrado;Pregrado Diurno;Facultad de Arquitectura;FARQTO;UDLA1P079-202610-079;UDLA_PD_FARQTO_ARQTIN_LTD_GENERAL;202610;Arquitectura de Interiores-D;Arquitectura de Interiores;https://www.udla.edu.ec/estudios/pregrado/arquitectura-de-interiores/;FB_LP_ARQTIN_VISITAS180D;Visitas a la landing ARQTIN;FB_LP_ARQTIN_SINREGISTRO180D;Visitas a la landing sin registro ARQTIN;FB_LP_ARQTIN_REGISTROS180D;Visitas a la landing registro ARQTIN;FB_LP_ARQTIN_FORM90D;Registro Form ARQTIN;
Arquitectura Sostenible;ARQTSO;Pregrado;Pregrado Diurno;Facultad de Arquitectura;FARQTO;UDLA1P083-202610-083;UDLA_PD_FARQTO_ARQTSO_LTD_GENERAL;202610;Arquitectura Sostenible-D;Arquitectura Sostenible;https://www.udla.edu.ec/estudios/pregrado/arquitectura-sostenible/;FB_LP_ARQTSO_VISITAS180D;Visitas a la landing ARQTSO;FB_LP_ARQTSO_SINREGISTRO180D;Visitas a la landing sin registro ARQTSO;FB_LP_ARQTSO_REGISTROS180D;Visitas a la landing registro ARQTSO;FB_LP_ARQTSO_FORM90D;Registro Form ARQTSO;
Arquitectura;ARQT;Pregrado;Pregrado Diurno;Facultad de Arquitectura;FARQTO;UDLA1P614-202610-614;UDLA_PD_FARQTO_ARQT_LTD_GENERAL;202610;Arquitectura-D;Arquitectura;https://www.udla.edu.ec/estudios/pregrado/arquitectura/;FB_LP_ARQT_VISITAS180D;Visitas a la landing ARQT;FB_LP_ARQT_SINREGISTRO180D;Visitas a la landing sin registro ARQT;FB_LP_ARQT_REGISTROS180D;Visitas a la landing registro ARQT;FB_LP_ARQT_FORM90D;Registro Form ARQT;
Ingeniería en Biotecnología;BIOTE;Pregrado;Pregrado Diurno;Facultad de Ingeniería y Ciencias Aplicadas;FICA;UDLA1P744-202610-744;UDLA_PD_FICA_BIOTE_LTD_GENERAL;202610;Biotecnologia-D;Ingeniería en Biotecnología;https://www.udla.edu.ec/estudios/pregrado/biotecnologia/;FB_LP_BIOTE_VISITAS180D;Visitas a la landing BIOTE;FB_LP_BIOTE_SINREGISTRO180D;Visitas a la landing sin registro BIOTE;FB_LP_BIOTE_REGISTROS180D;Visitas a la landing registro BIOTE;FB_LP_BIOTE_FORM90D;Registro Form BIOTE;
Ingeniería en Ciberseguridad;CIBER;Pregrado;Pregrado Diurno;Facultad de Ingeniería y Ciencias Aplicadas;FICA;UDLA1P070-202610-070;UDLA_PD_FICA_CIBER_LTD_GENERAL;202610;Ciberseguridad-D;Ingeniería en Ciberseguridad;https://www.udla.edu.ec/estudios/pregrado/ciberseguridad/;FB_LP_CIBER_VISITAS180D;Visitas a la landing CIBER;FB_LP_CIBER_SINREGISTRO180D;Visitas a la landing sin registro CIBER;FB_LP_CIBER_REGISTROS180D;Visitas a la landing registro CIBER;FB_LP_CIBER_FORM90D;Registro Form CIBER;
Ciencias Políticas;POLIT;Pregrado;Pregrado Diurno;Facultad de Ciencias Políticas y Relaciones Internacionales;CPRI;UDLA1P014-202610-014;UDLA_PD_CPRI_POLIT_LTD_GENERAL;202610;Ciencias Políticas;Ciencias Políticas;https://www.udla.edu.ec/estudios/pregrado/ciencias-politicas/;FB_LP_POLIT_VISITAS180D;Visitas a la landing POLIT;FB_LP_POLIT_SINREGISTRO180D;Visitas a la landing sin registro POLIT;FB_LP_POLIT_REGISTROS180D;Visitas a la landing registro POLIT;FB_LP_POLIT_FORM90D;Registro Form POLIT;
Cine;CINE;Pregrado;Pregrado Diurno;Facultad de Comunicación y Artes Visuales NODO;NODO;UDLA1P050-202610-050;UDLA_PD_NODO_CINE_LTD_GENERAL;202610;Cine-D;Cine;https://www.udla.edu.ec/estudios/pregrado/cine/;FB_LP_CINE_VISITAS180D;Visitas a la landing CINE;FB_LP_CINE_SINREGISTRO180D;Visitas a la landing sin registro CINE;FB_LP_CINE_REGISTROS180D;Visitas a la landing registro CINE;FB_LP_CINE_FORM90D;Registro Form CINE;
Comunicación;COMUN;Pregrado;Pregrado Diurno;Facultad de Comunicación y Artes Visuales NODO;NODO;UDLA1P574-202610-574;UDLA_PD_NODO_COMUN_LTD_GENERAL;202610;Comunicación-D;Comunicación;https://www.udla.edu.ec/estudios/pregrado/comunicacion/;FB_LP_COMUN_VISITAS180D;Visitas a la landing COMUN;FB_LP_COMUN_SINREGISTRO180D;Visitas a la landing sin registro COMUN;FB_LP_COMUN_REGISTROS180D;Visitas a la landing registro COMUN;FB_LP_COMUN_FORM90D;Registro Form COMUN;
Contabilidad y Auditoría;CONT;Pregrado;Pregrado Diurno;Facultad de Ciencias Económicas y Administrativas;FACEA;UDLA1P090-202610-090;UDLA_PD_FACEA_CONT_LTD_GENERAL;202610;Contabilidad y Auditoría;Contabilidad y Auditoría;https://www.udla.edu.ec/estudios/pregrado/contabilidad-y-auditoria/;FB_LP_CONT_VISITAS180D;Visitas a la landing CONT;FB_LP_CONT_SINREGISTRO180D;Visitas a la landing sin registro CONT;FB_LP_CONT_REGISTROS180D;Visitas a la landing registro CONT;FB_LP_CONT_FORM90D;Registro Form CONT;
Derecho;DEREC;Pregrado;Pregrado Diurno;Facultad de Derecho;FDEREC;UDLA1P564-202610-564;UDLA_PD_FDERECH_DEREC_LTD_GENERAL;202610;Derecho-D;Derecho;https://www.udla.edu.ec/estudios/pregrado/derecho/;FB_LP_DEREC_VISITAS180D;Visitas a la landing DEREC;FB_LP_DEREC_SINREGISTRO180D;Visitas a la landing sin registro DEREC;FB_LP_DEREC_REGISTROS180D;Visitas a la landing registro DEREC;FB_LP_DEREC_FORM90D;Registro Form DEREC;
Diseño de Productos;DPROD;Pregrado;Pregrado Diurno;Facultad de Arquitectura;FARQTO;UDLA1P771-202610-771;UDLA_PD_FARQTO_DPROD_LTD_GENERAL;202610;Diseño de productos-D;Diseño de Productos;https://www.udla.edu.ec/estudios/pregrado/diseno-de-productos/;FB_LP_DPROD_VISITAS180D;Visitas a la landing DPROD;FB_LP_DPROD_SINREGISTRO180D;Visitas a la landing sin registro DPROD;FB_LP_DPROD_REGISTROS180D;Visitas a la landing registro DPROD;FB_LP_DPROD_FORM90D;Registro Form DPROD;
Diseño Gráfico y Comunicación Visual;DISEÑ;Pregrado;Pregrado Diurno;Facultad de Comunicación y Artes Visuales NODO;NODO;UDLA1P078-202610-078;UDLA_PD_NODO_DISEÑ_LTD_GENERAL;202610;Diseño Grafico-D;Diseño Gráfico y Comunicación Visual;https://www.udla.edu.ec/estudios/pregrado/diseno-grafico-y-comunicacion-visual/;FB_LP_DISEÑ_VISITAS180D;Visitas a la landing DISEÑ;FB_LP_DISEÑ_SINREGISTRO180D;Visitas a la landing sin registro DISEÑ;FB_LP_DISEÑ_REGISTROS180D;Visitas a la landing registro DISEÑ;FB_LP_DISEÑ_FORM90D;Registro Form DISEÑ;
Economía;ECONO;Pregrado;Pregrado Diurno;Facultad de Ciencias Económicas y Administrativas;FACEA;UDLA1P354-202610-354;UDLA_PD_FACEA_ECONO_LTD_GENERAL;202610;Economia-D;Economía;https://www.udla.edu.ec/estudios/pregrado/economia/;FB_LP_ECONO_VISITAS180D;Visitas a la landing ECONO;FB_LP_ECONO_SINREGISTRO180D;Visitas a la landing sin registro ECONO;FB_LP_ECONO_REGISTROS180D;Visitas a la landing registro ECONO;FB_LP_ECONO_FORM90D;Registro Form ECONO;
Ingeniería en Electrónica y Automatización;ELECA;Pregrado;Pregrado Diurno;Facultad de Ingeniería y Ciencias Aplicadas;FICA;UDLA1P524-202610-524;UDLA_PD_FICA_ELECA_LTD_GENERAL;202610;Electronica y automatización-D;Ingeniería en Electrónica y Automatización;https://www.udla.edu.ec/estudios/pregrado/electronica-y-automatizacion/;FB_LP_ELECA_VISITAS180D;Visitas a la landing ELECA;FB_LP_ELECA_SINREGISTRO180D;Visitas a la landing sin registro ELECA;FB_LP_ELECA_REGISTROS180D;Visitas a la landing registro ELECA;FB_LP_ELECA_FORM90D;Registro Form ELECA;
Enfermería;ENFER;Pregrado;Pregrado Diurno;Facultad de Ciencias de la Salud;SALUD;UDLA1P714-202610-714;UDLA_PD_SALUD_ENFER_LTD_GENERAL;202610;Enfermeria-D;Enfermería;https://www.udla.edu.ec/estudios/pregrado/enfermeria/;FB_LP_ENFER_VISITAS180D;Visitas a la landing ENFER;FB_LP_ENFER_SINREGISTRO180D;Visitas a la landing sin registro ENFER;FB_LP_ENFER_REGISTROS180D;Visitas a la landing registro ENFER;FB_LP_ENFER_FORM90D;Registro Form ENFER;
Finanzas;FINAN;Pregrado;Pregrado Diurno;Facultad de Ciencias Económicas y Administrativas;FACEA;UDLA1P244-202610-244;UDLA_PD_FACEA_FINAN_LTD_GENERAL;202610;Finanzas-D;Finanzas;https://www.udla.edu.ec/estudios/pregrado/finanzas/;FB_LP_FINAN_VISITAS180D;Visitas a la landing FINAN;FB_LP_FINAN_SINREGISTRO180D;Visitas a la landing sin registro FINAN;FB_LP_FINAN_REGISTROS180D;Visitas a la landing registro FINAN;FB_LP_FINAN_FORM90D;Registro Form FINAN;
Fisioterapia;FISIO;Pregrado;Pregrado Diurno;Facultad de Ciencias de la Salud;SALUD;UDLA1P724-202610-724;UDLA_PD_SALUD_FISIO_LTD_GENERAL;202610;Fisioterapia-D;Fisioterapia;https://www.udla.edu.ec/estudios/pregrado/fisioterapia/;FB_LP_FISIO_VISITAS180D;Visitas a la landing FISIO;FB_LP_FISIO_SINREGISTRO180D;Visitas a la landing sin registro FISIO;FB_LP_FISIO_REGISTROS180D;Visitas a la landing registro FISIO;FB_LP_FISIO_FORM90D;Registro Form FISIO;
Gastronomía;GASTR;Pregrado;Pregrado Diurno;Escuela de Gastronomía;EGASTRO;UDLA1P052-202610-052;UDLA_PD_EGASTRO_GASTR_LTD_GENERAL;202610;Gastronomía-D;Gastronomía;https://www.udla.edu.ec/estudios/pregrado/gastronomia/;FB_LP_GASTR_VISITAS180D;Visitas a la landing GASTR;FB_LP_GASTR_SINREGISTRO180D;Visitas a la landing sin registro GASTR;FB_LP_GASTR_REGISTROS180D;Visitas a la landing registro GASTR;FB_LP_GASTR_FORM90D;Registro Form GASTR;
Tecnología Superior en Gastronomía;TECGAST;Pregrado;Pregrado Diurno;Escuela de Gastronomía;EGASTRO;CERRADO;UDLA_PD_EGASTRO_TECGAST_LTD_GENERAL;202610;Gastronomía-T;Tecnología Superior en Gastronomía;https://www.udla.edu.ec/estudios/pregrado/tecnologia-superior-en-gastronomia/;FB_LP_TECGAST_VISITAS180D;Visitas a la landing TECGAST;FB_LP_TECGAST_SINREGISTRO180D;Visitas a la landing sin registro TECGAST;FB_LP_TECGAST_REGISTROS180D;Visitas a la landing registro TECGAST;FB_LP_TECGAST_FORM90D;Registro Form TECGAST;
Tecnología Superior Universitaria en Gastronomía;TSUG;Pregrado;Pregrado Diurno;Escuela de Gastronomía;EGASTRO;UDLA4P061-202610-061;UDLA_PD_EGASTRO_TSUG_LTD_GENERAL;202610;Gastronomía-TSU;Tecnología Superior Universitaria en Gastronomía;https://www.udla.edu.ec/estudios/pregrado/tecnologia-superior-universitaria-en-gastronomia/;FB_LP_TSUG_VISITAS180D;Visitas a la landing TSUG;FB_LP_TSUG_SINREGISTRO180D;Visitas a la landing sin registro TSUG;FB_LP_TSUG_REGISTROS180D;Visitas a la landing registro TSUG;FB_LP_TSUG_FORM90D;Registro Form TSUG;
Ingeniería Industrial;INDUS;Pregrado;Pregrado Diurno;Facultad de Ingeniería y Ciencias Aplicadas;FICA;UDLA1P584-202610-584;UDLA_PD_FICA_INDUS_LTD_GENERAL;202610;Industrial-D;Ingeniería Industrial;https://www.udla.edu.ec/estudios/pregrado/industrial/;FB_LP_INDUS_VISITAS180D;Visitas a la landing INDUS;FB_LP_INDUS_SINREGISTRO180D;Visitas a la landing sin registro INDUS;FB_LP_INDUS_REGISTROS180D;Visitas a la landing registro INDUS;FB_LP_INDUS_FORM90D;Registro Form INDUS;
Ingeniería en Inteligencia Artificial;INTART;Pregrado;Pregrado Diurno;Facultad de Ingeniería y Ciencias Aplicadas;FICA;UDLA1P103-202610-103;UDLA_PD_FICA_INTART_LTD_GENERAL;202610;Inteligencia Artificial-D;Ingeniería en Inteligencia Artificial;https://www.udla.edu.ec/estudios/pregrado/ingenieria-en-inteligencia-artificial/;FB_LP_INTART_VISITAS180D;Visitas a la landing INTART;FB_LP_INTART_SINREGISTRO180D;Visitas a la landing sin registro INTART;FB_LP_INTART_REGISTROS180D;Visitas a la landing registro INTART;FB_LP_INTART_FORM90D;Registro Form INTART;
Marketing;MARKT;Pregrado;Pregrado Diurno;Facultad de Ciencias Económicas y Administrativas;FACEA;UDLA2P267-202610-267S;UDLA_PD_FACEA_MARKT_LTD_GENERAL;202610;Marketing-D;Marketing;https://www.udla.edu.ec/estudios/pregrado/marketing/;FB_LP_MARKT_VISITAS180D;Visitas a la landing MARKT;FB_LP_MARKT_SINREGISTRO180D;Visitas a la landing sin registro MARKT;FB_LP_MARKT_REGISTROS180D;Visitas a la landing registro MARKT;FB_LP_MARKT_FORM90D;Registro Form MARKT;
Medicina Veterinaria;VETER;Pregrado;Pregrado Diurno;Facultad de Ciencias de la Salud;SALUD;UDLA1P624-202610-624;UDLA_PD_SALUD_VETER_LTD_GENERAL;202610;Medicina Veterinaria-D;Medicina Veterinaria;https://www.udla.edu.ec/estudios/pregrado/medicina-veterinaria/;FB_LP_VETER_VISITAS180D;Visitas a la landing VETER;FB_LP_VETER_SINREGISTRO180D;Visitas a la landing sin registro VETER;FB_LP_VETER_REGISTROS180D;Visitas a la landing registro VETER;FB_LP_VETER_FORM90D;Registro Form VETER;
Medicina;MEDIC;Pregrado;Pregrado Diurno;Facultad de Medicina;FMEDIC;UDLA1P704-202610-704;UDLA_PD_FMEDIC_MEDIC_LTD_GENERAL;202610;Medicina-D;Medicina;https://www.udla.edu.ec/estudios/pregrado/medicina/;FB_LP_MEDIC_VISITAS180D;Visitas a la landing MEDIC;FB_LP_MEDIC_SINREGISTRO180D;Visitas a la landing sin registro MEDIC;FB_LP_MEDIC_REGISTROS180D;Visitas a la landing registro MEDIC;FB_LP_MEDIC_FORM90D;Registro Form MEDIC;
Multimedia y Producción Audiovisual;MULT;Pregrado;Pregrado Diurno;Facultad de Comunicación y Artes Visuales NODO;NODO;UDLA1P781-202610-781;UDLA_PD_NODO_MULTD_LTD_GENERAL;202610;Multimedia-D;Multimedia y Producción Audiovisual;https://www.udla.edu.ec/estudios/pregrado/multimedia-y-produccion-audiovisual/;FB_LP_MULT_VISITAS180D;Visitas a la landing MULT;FB_LP_MULT_SINREGISTRO180D;Visitas a la landing sin registro MULT;FB_LP_MULT_REGISTROS180D;Visitas a la landing registro MULT;FB_LP_MULT_FORM90D;Registro Form MULT;
Artes Musicales;MUSIC;Pregrado;Pregrado Diurno;Escuela de Música;EMUSIC;UDLA1P054-202610-054;UDLA_PD_EMUSIC_MUSIC_LTD_GENERAL;202610;Musica-D;Artes Musicales;https://www.udla.edu.ec/estudios/pregrado/musica/;FB_LP_MUSIC_VISITAS180D;Visitas a la landing MUSIC;FB_LP_MUSIC_SINREGISTRO180D;Visitas a la landing sin registro MUSIC;FB_LP_MUSIC_REGISTROS180D;Visitas a la landing registro MUSIC;FB_LP_MUSIC_FORM90D;Registro Form MUSIC;
Negocios Deportivos;NEGDE;Pregrado;Pregrado Diurno;Facultad de Ciencias Económicas y Administrativas;FACEA;UDLA1P080-202610-080;UDLA_PD_FACEA_NEGDE_LTD_GENERAL;202610;Negocios deportivos-D;Negocios Deportivos;https://www.udla.edu.ec/estudios/pregrado/negocios-deportivos/;FB_LP_NEGDE_VISITAS180D;Visitas a la landing NEGDE;FB_LP_NEGDE_SINREGISTRO180D;Visitas a la landing sin registro NEGDE;FB_LP_NEGDE_REGISTROS180D;Visitas a la landing registro NEGDE;FB_LP_NEGDE_FORM90D;Registro Form NEGDE;
Negocios Digitales;NEGDG;Pregrado;Pregrado Diurno;Facultad de Ciencias Económicas y Administrativas;FACEA;UDLA1P045-202610-045;UDLA_PD_FACEA_NEGDG_LTD_GENERAL;202610;Negocios Digitales-D;Negocios Digitales;https://www.udla.edu.ec/estudios/pregrado/negocios-digitales/;FB_LP_NEGDG_VISITAS180D;Visitas a la landing NEGDG;FB_LP_NEGDG_SINREGISTRO180D;Visitas a la landing sin registro NEGDG;FB_LP_NEGDG_REGISTROS180D;Visitas a la landing registro NEGDG;FB_LP_NEGDG_FORM90D;Registro Form NEGDG;
Negocios Internacionales;NEGIN;Pregrado;Pregrado Diurno;Facultad de Ciencias Económicas y Administrativas;FACEA;UDLA2P257-202610-257;UDLA_PD_FACEA_NEGIN_LTD_GENERAL;202610;Negocios Internacionales-D;Negocios Internacionales;https://www.udla.edu.ec/estudios/pregrado/negocios-internacionales/;FB_LP_NEGIN_VISITAS180D;Visitas a la landing NEGIN;FB_LP_NEGIN_SINREGISTRO180D;Visitas a la landing sin registro NEGIN;FB_LP_NEGIN_REGISTROS180D;Visitas a la landing registro NEGIN;FB_LP_NEGIN_FORM90D;Registro Form NEGIN;
Ingeniería en Networking y Telecomunicaciones;TELEC;Pregrado;Pregrado Diurno;Facultad de Ingeniería y Ciencias Aplicadas;FICA;UDLA1P100-202610-100;UDLA_PD_FICA_TELEC_LTD_GENERAL;202610;Networking.Telecom-D;Ingeniería en Networking y Telecomunicaciones;https://www.udla.edu.ec/estudios/pregrado/networking-y-telecomunicaciones/;FB_LP_TELEC_VISITAS180D;Visitas a la landing TELEC;FB_LP_TELEC_SINREGISTRO180D;Visitas a la landing sin registro TELEC;FB_LP_TELEC_REGISTROS180D;Visitas a la landing registro TELEC;FB_LP_TELEC_FORM90D;Registro Form TELEC;
Odontología;ODONT;Pregrado;Pregrado Diurno;Facultad de Odontología;FODONT;UDLA1P734-202610-734;UDLA_PD_FODONT_ODONT_LTD_GENERAL;202610;Odontología-D;Odontología;https://www.udla.edu.ec/estudios/pregrado/odontologia/;FB_LP_ODONT_VISITAS180D;Visitas a la landing ODONT;FB_LP_ODONT_SINREGISTRO180D;Visitas a la landing sin registro ODONT;FB_LP_ODONT_REGISTROS180D;Visitas a la landing registro ODONT;FB_LP_ODONT_FORM90D;Registro Form ODONT;
Periodismo;PERIO;Pregrado;Pregrado Diurno;Facultad de Comunicación y Artes Visuales NODO;NODO;UDLA1H082-202610-082;UDLA_PD_NODO_PERIO_LTD_GENERAL;202610;Periodismo-D;Periodismo;https://www.udla.edu.ec/estudios/pregrado/periodismo/;FB_LP_PERIO_VISITAS180D;Visitas a la landing PERIO;FB_LP_PERIO_SINREGISTRO180D;Visitas a la landing sin registro PERIO;FB_LP_PERIO_REGISTROS180D;Visitas a la landing registro PERIO;FB_LP_PERIO_FORM90D;Registro Form PERIO;
Psicología;PSICO;Pregrado;Pregrado Diurno;Escuela de Psicología y Educación;EPSIC;UDLA2P597-202610-597S;UDLA_PD_EPSIC_PSICO_LTD_GENERAL;202610;Psicología-D;Psicología;https://www.udla.edu.ec/estudios/pregrado/psicologia/;FB_LP_PSICO_VISITAS180D;Visitas a la landing PSICO;FB_LP_PSICO_SINREGISTRO180D;Visitas a la landing sin registro PSICO;FB_LP_PSICO_REGISTROS180D;Visitas a la landing registro PSICO;FB_LP_PSICO_FORM90D;Registro Form PSICO;
Publicidad;PUBLI;Pregrado;Pregrado Diurno;Facultad de Comunicación y Artes Visuales NODO;NODO;UDLA1P554-202610-554;UDLA_PD_NODO_PUBLI_LTD_GENERAL;202610;Publicidad-D;Publicidad;https://www.udla.edu.ec/estudios/pregrado/publicidad/;FB_LP_PUBLI_VISITAS180D;Visitas a la landing PUBLI;FB_LP_PUBLI_SINREGISTRO180D;Visitas a la landing sin registro PUBLI;FB_LP_PUBLI_REGISTROS180D;Visitas a la landing registro PUBLI;FB_LP_PUBLI_FORM90D;Registro Form PUBLI;
Relaciones Internacionales;RELIN;Pregrado;Pregrado Diurno;Facultad de Ciencias Políticas y Relaciones Internacionales;CPRI;UDLA1P404-202610-404;UDLA_PD_CPRI_RELIN_LTD_GENERAL;202610;Relaciones Internacionales;Relaciones Internacionales;https://www.udla.edu.ec/estudios/pregrado/relaciones-internacionales/;FB_LP_RELIN_VISITAS180D;Visitas a la landing RELIN;FB_LP_RELIN_SINREGISTRO180D;Visitas a la landing sin registro RELIN;FB_LP_RELIN_REGISTROS180D;Visitas a la landing registro RELIN;FB_LP_RELIN_FORM90D;Registro Form RELIN;
Ingeniería en Software;SOFTW;Pregrado;Pregrado Diurno;Facultad de Ingeniería y Ciencias Aplicadas;FICA;UDLA1H791-202610-791;UDLA_PD_FICA_SOFTW_LTD_GENERAL;202610;Software-D;Ingeniería en Software;https://www.udla.edu.ec/estudios/pregrado/software/;FB_LP_SOFTW_VISITAS180D;Visitas a la landing SOFTW;FB_LP_SOFTW_SINREGISTRO180D;Visitas a la landing sin registro SOFTW;FB_LP_SOFTW_REGISTROS180D;Visitas a la landing registro SOFTW;FB_LP_SOFTW_FORM90D;Registro Form SOFTW;
Ingeniería en Sonido y Acústica;SONID;Pregrado;Pregrado Diurno;Facultad de Ingeniería y Ciencias Aplicadas;FICA;UDLA1P634-202610-634;UDLA_PD_FICA_SONID_LTD_GENERAL;202610;Sonido y Acústica-D;Ingeniería en Sonido y Acústica;https://www.udla.edu.ec/estudios/pregrado/sonido-y-acustica/;FB_LP_SONID_VISITAS180D;Visitas a la landing SONID;FB_LP_SONID_SINREGISTRO180D;Visitas a la landing sin registro SONID;FB_LP_SONID_REGISTROS180D;Visitas a la landing registro SONID;FB_LP_SONID_FORM90D;Registro Form SONID;
Turismo y Hotelería;TURIS;Pregrado;Pregrado Diurno;Facultad de Ciencias Económicas y Administrativas;FACEA;UDLA1P091-202610-091;UDLA_PD_FACEA_TURIS_LTD_GENERAL;202610;Turismo y Hotelería-D;Turismo y Hotelería;https://www.udla.edu.ec/estudios/pregrado/turismo-y-hoteleria/;FB_LP_TURIS_VISITAS180D;Visitas a la landing TURIS;FB_LP_TURIS_SINREGISTRO180D;Visitas a la landing sin registro TURIS;FB_LP_TURIS_REGISTROS180D;Visitas a la landing registro TURIS;FB_LP_TURIS_FORM90D;Registro Form TURIS;
Maestría en Psicología Infantil;MPI;Posgrado;Posgrado Híbrido;Escuela de Psicología y Educación;EPSIC;UDLA5H110-202500-110-MPSI062025-1;UDLA_PSH_EPSIC_MPI_LTD_GENERAL;202600;Psicología Infantil-M;Maestría en Psicología Infantil;https://www.udla.edu.ec/estudios/posgrado/maestria-en-psicologia-infantil/;FB_LP_MPI_VISITAS180D;Visitas a la landing MPI;FB_LP_MPI_SINREGISTRO180D;Visitas a la landing sin registro MPI;FB_LP_MPI_REGISTROS180D;Visitas a la landing registro MPI;FB_LP_MPI_FORM90D;Registro Form MPI;
Maestría en Administración y Gerencia Organizacional;MAGO;Posgrado;Posgrado Presencial;Escuela de Negocios;EDN;;UDLA_PS_EDN_MAGO_LTD_GENERAL;202600;Administracipon y Gerencia-M;Maestría en Administración y Gerencia Organizacional;https://www.udla.edu.ec/estudios/posgrado/administracion-y-gerencia-organizacional;FB_LP_MAGO_VISITAS180D;Visitas a la landing MAGO;FB_LP_MAGO_SINREGISTRO180D;Visitas a la landing sin registro MAGO;FB_LP_MAGO_REGISTROS180D;Visitas a la landing registro MAGO;FB_LP_MAGO_FORM90D;Registro Form MAGO;
Maestría en Gerencia en Ventas y Equipos de Alto Rendimiento;MGVEAR;Posgrado;Posgrado Híbrido;Facultad de Ciencias Económicas y Administrativas;FACEA;UDLA5H107-202500-107-MGVE042025-1;UDLA_PS_FACEA_MGVEAR_LTD_GENERAL;202500;;Maestría en Gerencia en Ventas y Equipos de Alto Rendimiento;https://www.udla.edu.ec/estudios/posgrado/maestria-en-gerencia-en-ventas-y-equipos-de-alto-rendimiento/;FB_LP_MGVEAR_VISITAS180D;Visitas a la landing MGVEAR;FB_LP_MGVEAR_SINREGISTRO180D;Visitas a la landing sin registro MGVEAR;FB_LP_MGVEAR_REGISTROS180D;Visitas a la landing registro MGVEAR;;;
Certificación Internacional en Gestión de Emprendimientos;CIGE;EDCO;EDCO;Facultad de Ciencias Económicas y Administrativas;FACEA;EDCO5P115-202501-E115-CIGE042025-1;UDLA_EDCO_CIGE_LTD_GENERAL;202501;Gestión Emprendimeintos-H;Certificación Internacional en Gestión de Emprendimientos;https://www.udla.edu.ec/estudios/educacion-continua/certificacion-internacional-en-gestion-de-emprendimientos/;FB_LP_CIGE_VISITAS180D;Visitas a la landing CIGE;FB_LP_CIGE_SINREGISTRO180D;Visitas a la landing sin registro CIGE;FB_LP_CIGE_REGISTROS180D;Visitas a la landing registro CIGE;FB_LP_CIGE_FORM90D;Registro Form CIGE;
Curso en Gestión de Marca y Reputación;GMRD;EDCO;EDCO;Facultad de Ciencias Económicas y Administrativas;FACEA;EDCO5P146-202501-E146-GMRD062025-1;UDLA_EDCO_GMRD_LTD_GENERAL;202501;Gestión Marca y Reoutación-O;Curso en Gestión de Marca y Reputación;https://www.udla.edu.ec/estudios/educacion-continua/curso-en-gestion-de-marca-y-reputacion-online/;FB_LP_GMRD_VISITAS180D;Visitas a la landing GMRD;FB_LP_GMRD_SINREGISTRO180D;Visitas a la landing sin registro GMRD;FB_LP_GMRD_REGISTROS180D;Visitas a la landing registro GMRD;FB_LP_GMRD_FORM90D;Registro Form GMRD;
Concurso Beca MBA;CBMBA;Institucional;Posgrado Presencial;Escuela de Negocios;EDN;NP;NP;2025;NP;Concurso Beca MBA;https://sitios.udla.edu.ec/proyectos/concurso-de-casos-de-estudio-en-negocios-para-aspirantes-mba/#formulario-final;;;;;;;;;
Diplomado en Habilidades Directivas;DHADIR;EDCO;EDCO;Escuela de Negocios;EDN;EDCO5P147-202501-E147-DHDI0S2025-1;UDLA_EDCO_DHADIR_LTD_GENERAL;202501;;Diplomado en Habilidades Directivas;https://www.udla.edu.ec/estudios/educacion-continua/diplomado-en-habilidades-directivas/;;;;;;;;;
Diplomado en Gestión de Proyectos de Construcción;DGPC;EDCO;EDCO;Educación Continua;EC;EDCO5P149-202501-E149-GPCO072025-1;UDLA_EDCO_DGPC_LTD_GENERAL;202501;;Diplomado en Gestión de Proyectos de Construcción;https://www.udla.edu.ec/estudios/educacion-continua/diplomado-en-gestion-de-proyectos-de-construccion/;FB_LP_DGPC_VISITAS180D;;;;;;;;
Carrera no definida;PREGND;Pregrado;Pregrado Diurno;Institucional;INST;UDLA1P000-202610-000;UDLA_PD_PD_LTD_CARRERA-NO-DEFINIDA;202610;General-D;Carrera no definida;https://www.udla.edu.ec/estudios/pregrado/;FB_LP_GENERAL_VISITAS180D;Visitas a la landing GENERAL;FB_LP_GENERAL_SINREGISTRO180D;Visitas a la landing sin registro GENERAL;FB_LP_GENERAL_REGISTROS180D;Visitas a la landing registro GENERAL;FB_LP_GENERAL_FORM90D;Registro Form GENERAL;
Posgrado no Definido;POSGND;Posgrado;Posgrado Presencial;Institucional;INST;UDLA2P000-202600-000;UDLA_PS_PS_LTD_CARRERA-NO-DEFINIDA;202600;pendiente;pendiente;;;;;;;;;;
Curso no Definido;EDCOND;EDCO;EDCO;Institucional;INST;EDCO5P000-202501-000;;202501;pendiente;pendiente;;;;;;;;;;
Maestría en Administración de Empresas – MBA;MBA;Posgrado;Posgrado Presencial;Escuela de Negocios;EDN;UDLA5P965-202600-965-MAE102025-1;UDLA_PS_EDN_MBA_LTD_GENERAL;202600;MBA-M;Maestría en Administración de Empresas – MBA;https://www.udla.edu.ec/estudios/posgrado/administracion-de-empresas-mba/;FB_LP_MBA_VISITAS180D;Visitas a la landing MBA;FB_LP_MBA_SINREGISTRO180D;Visitas a la landing sin registro MBA;FB_LP_MBA_REGISTROS180D;Visitas a la landing registro MBA;FB_LP_MBA_FORM90D;Registro Form MBA;
Maestría en Neuropsicología Clínica;MNPC;Posgrado;Posgrado Presencial;Escuela de Psicología y Educación;EPSIC;UDLA5S028-202600-028-MNPC082025-1;UDLA_PS_EPSIC_MNPC_LTD_GENERAL ;202600;Neuropsicología Clínica-M;Maestría en Neuropsicología Clínica;https://www.udla.edu.ec/estudios/posgrado/maestria-en-neuropsicologia-clinica/;FB_LP_MNPC_VISITAS180D;Visitas a la landing MNPC;FB_LP_MNPC_SINREGISTRO180D;Visitas a la landing sin registro MNPC;FB_LP_MNPC_REGISTROS180D;Visitas a la landing registro MNPC;FB_LP_MNPC_FORM90D;Registro Form MNPC;
Maestría en Econometría;MECO;Posgrado;Posgrado Presencial;Facultad de Ciencias Económicas y Administrativas;FACEA;UDLA5P002-202600-002-MEC032026-1;UDLA_PS_FACEA_MECO_LTD_GENERAL;202600;Econometría-M;Maestría en Econometría;https://www.udla.edu.ec/estudios/posgrado/econometria/;FB_LP_MECO_VISITAS180D;Visitas a la landing MECO;FB_LP_MECO_SINREGISTRO180D;Visitas a la landing sin registro MECO;FB_LP_MECO_REGISTROS180D;Visitas a la landing registro MECO;FB_LP_MECO_FORM90D;Registro Form MECO;
Maestría En Terapia Manual Ortopédica Integral;MTOI;Posgrado;Posgrado Presencial;Facultad de Ciencias de la Salud;SALUD;UDLA5S076-202600-076-MTMO102025-1;UDLA_PS_SALUD_MTOI_LTD_GENERAL;202600;;Maestría En Terapia Manual Ortopédica Integral;https://www.udla.edu.ec/estudios/posgrado/terapia-manual-ortopedica-integral/;FB_LP_MTOI_VISITAS180D;Visitas a la landing MTOI;FB_LP_MTOI_SINREGISTRO180D;Visitas a la landing sin registro MTOI;FB_LP_MTOI_REGISTROS180D;Visitas a la landing registro MTOI;FB_LP_MTOI_FORM90D;Registro Form MTOI;
Maestría En Gestión De Proyectos;MGPROY;Posgrado;Posgrado Presencial;Escuela de Negocios;EDN;UDLA5P018-202600-018-MGDP102025-1;UDLA_PS_EDN_MGPROY_LTD_GENERAL;202600;;Maestría En Gestión De Proyectos;https://www.udla.edu.ec/estudios/posgrado/maestria-en-gestion-de-proyectos/;FB_LP_MGPROY_VISITAS180D;Visitas a la landing MGPROY;FB_LP_MGPROY_SINREGISTRO180D;Visitas a la landing sin registro MGPROY;FB_LP_MGPROY_REGISTROS180D;Visitas a la landing registro MGPROY;FB_LP_MGPROY_FORM90D;Registro Form MGPROY;
Maestría En Diseño Arquitectónico Avanzado;MDAVA;Posgrado;Posgrado Presencial;Facultad de Arquitectura;FARQTO;UDLA5P026-202600-026-MDAA102025-1;UDLA_PS_FARQTO_MDAVA_LTD_GENERAL;202600;;Maestría En Diseño Arquitectónico Avanzado;https://www.udla.edu.ec/estudios/posgrado/diseno-arquitectonico-avanzado/;FB_LP_MDAVA_VISITAS180D;Visitas a la landing MDAVA;FB_LP_MDAVA_SINREGISTRO180D;Visitas a la landing sin registro MDAVA;FB_LP_MDAVA_REGISTROS180D;Visitas a la landing registro MDAVA;FB_LP_MDAVA_FORM90D;Registro Form MDAVA;
Maestría En Derecho Procesal Constitucional;MDPC;Posgrado;Posgrado Presencial;Facultad de Derecho;FDEREC;UDLA5P032-202600-032-MDPC102025-1;UDLA_PS_FDERECH_MDPC_LTD_GENERAL ;202600;;Maestría En Derecho Procesal Constitucional;https://www.udla.edu.ec/estudios/posgrado/derecho-procesal-constitucional/;FB_LP_MDPC_VISITAS180D;Visitas a la landing MDPC;FB_LP_MDPC_SINREGISTRO180D;Visitas a la landing sin registro MDPC;FB_LP_MDPC_REGISTROS180D;Visitas a la landing registro MDPC;FB_LP_MDPC_FORM90D;Registro Form MDPC;
Maestría En Derecho Penal, Mención Criminalidad Compleja;MDPCC;Posgrado;Posgrado Presencial;Facultad de Derecho;FDEREC;UDLA5P049-202600-049-MDC102025-1;UDLA_PS_FDERECH_MDPCC_LTD_GENERAL;202600;;Maestría En Derecho Penal, Mención Criminalidad Compleja;https://www.udla.edu.ec/estudios/posgrado/derecho-penal-con-mencion-en-criminalidad-compleja/;FB_LP_MDPCC_VISITAS180D;Visitas a la landing MDPCC;FB_LP_MDPCC_SINREGISTRO180D;Visitas a la landing sin registro MDPCC;FB_LP_MDPCC_REGISTROS180D;Visitas a la landing registro MDPCC;FB_LP_MDPCC_FORM90D;Registro Form MDPCC;
Maestría En Marketing, Mención Gerencia De Marca;MMGM;Posgrado;Posgrado Presencial;Escuela de Negocios;EDN;UDLA5P099-202600-099-MMGM102025-1;UDLA_PS_EDN_MMGM_LTD_GENERAL ;202600;;Maestría En Marketing, Mención Gerencia De Marca;https://www.udla.edu.ec/estudios/posgrado/maestria-en-marketing-con-mencion-en-gerencia-de-marca/;FB_LP_MMGM_VISITAS180D;Visitas a la landing MMGM;FB_LP_MMGM_SINREGISTRO180D;Visitas a la landing sin registro MMGM;FB_LP_MMGM_REGISTROS180D;Visitas a la landing registro MMGM;FB_LP_MMGM_FORM90D;Registro Form MMGM;
Maestría en Finanzas;MFMVB;Posgrado;Posgrado Presencial;Escuela de Negocios;EDN;UDLA5P096-202600-096-MFIN102025-1;UDLA_PS_EDN_MFMVB_LTD_GENERAL;202600;;Maestría en Finanzas;https://www.udla.edu.ec/estudios/posgrado/maestria-en-finanzas/;FB_LP_MFMVB_VISITAS180D;Visitas a la landing MFMVB;FB_LP_MFMVB_SINREGISTRO180D;Visitas a la landing sin registro MFMVB;FB_LP_MFMVB_REGISTROS180D;Visitas a la landing registro MFMVB;FB_LP_MFMVB_FORM90D;Registro Form MFMVB;
Maestría en Medicina Veterinaria con Mención en Clínica y Cirugía de Pequeñas Especies;MVCCPE;Posgrado;Posgrado Presencial;Facultad de Ciencias de la Salud;SALUD;UDLA5S108-202600-108-MMVT102025-1;UDLA_PS_SALUD_MVCCPE_ALL_LTD_GENERAL;202600;;Maestría en Medicina Veterinaria con Mención en Clínica y Cirugía de Pequeñas Especies;https://www.udla.edu.ec/estudios/posgrado/medicina-veterinaria-con-mencion-en-clinica-y-cirugia-de-pequenas/;FB_LP_MVCCPE_VISITAS180D;Visitas a la landing MVCCPE;FB_LP_MVCCPE_SINREGISTRO180D;Visitas a la landing sin registro MVCCPE;FB_LP_MVCCPE_REGISTROS180D;Visitas a la landing registro MVCCPE;FB_LP_MVCCPE_FORM90D;Registro Form MVCCPE;
Fase Cluster ;FCLSTR;Institucional;Institucional;Institucional;INST;np;np;202610;np;Fase Cluster ;;FB_LP_FCLSTR_VISITAS180D;Visitas a la landing FCLSTR;FB_LP_FCLSTR_SINREGISTRO180D;Visitas a la landing sin registro FCLSTR;FB_LP_FCLSTR_REGISTROS180D;Visitas a la landing registro FCLSTR;FB_LP_FCLSTR_FORM90D;Registro Form FCLSTR;
Maestría en Terapia Respiratoria;MTR;Posgrado;Posgrado Presencial;Facultad de Ciencias de la Salud;SALUD;UDLA5P007-202500-007-MTRE052025-1;UDLA_PS_SALUD_MTR_LTD_GENERAL;202500;Terapia Respiratoria-M;Maestría en Terapia Respiratoria;https://www.udla.edu.ec/estudios/posgrado/terapia-respiratoria/;FB_LP_MTR_VISITAS180D;Visitas a la landing MTR;FB_LP_MTR_SINREGISTRO180D;Visitas a la landing sin registro MTR;FB_LP_MTR_REGISTROS180D;Visitas a la landing registro MTR;;;
Maestría en Neurorrehabilitación;MNR;Posgrado;Posgrado Presencial;Facultad de Ciencias de la Salud;SALUD;UDLA5P058-202500-058-MNEU052025-1;UDLA_PS_SALUD_MNR_LTD_GENERAL;202500;Neurorrehabilitación-M;Maestría en Neurorrehabilitación;https://www.udla.edu.ec/estudios/posgrado/neurorrehabilitacion/;FB_LP_MNR_VISITAS180D;Visitas a la landing MNR;FB_LP_MNR_SINREGISTRO180D;Visitas a la landing sin registro MNR;FB_LP_MNR_REGISTROS180D;Visitas a la landing registro MNR;;;
Maestría en Desarrollo e Innovación de Alimentos;MDINA;Posgrado;Posgrado Presencial;Facultad de Posgrados;POSG;UDLA5P017-202500-017-MDIA052025-1;UDLA_PS_POSG_MDINA_LTD_GENERAL;202500;Innovación Alimentos-M;Maestría en Desarrollo e Innovación de Alimentos;https://www.udla.edu.ec/estudios/posgrado/desarrollo-e-innovacion-de-alimentos/;FB_LP_MDINA_VISITAS180D;Visitas a la landing MDINA;FB_LP_MDINA_SINREGISTRO180D;Visitas a la landing sin registro MDINA;FB_LP_MDINA_REGISTROS180D;Visitas a la landing registro MDINA;;;
Maestría en Gestión de la Seguridad de la Información;MGSI;Posgrado;Posgrado Presencial;Facultad de Posgrados;POSG;UDLA5P964-202500-964-MGG052025-1;UDLA_PS_POSG_MGSI_LTD_GENERAL;202500;Seguridad Información-M;Maestría en Gestión de la Seguridad de la Información;https://www.udla.edu.ec/estudios/posgrado/gestion-de-la-seguridad-de-la-informacion/;FB_LP_MGSI_VISITAS180D;Visitas a la landing MGSI;FB_LP_MGSI_SINREGISTRO180D;Visitas a la landing sin registro MGSI;FB_LP_MGSI_REGISTROS180D;Visitas a la landing registro MGSI;;;
Maestría en Comunicación Política;MCPOL;Posgrado;Posgrado Presencial;Facultad de Posgrados;POSG;UDLA5S030-202500-030-MCPO052025-1;UDLA_PS_POSG_MCPOL_LTD_GENERAL;202500;Comunicación Política-M;Maestría en Comunicación Política;https://www.udla.edu.ec/estudios/posgrado/comunicacion-politica/;FB_LP_MCPOL_VISITAS180D;Visitas a la landing MCPOL;FB_LP_MCPOL_SINREGISTRO180D;Visitas a la landing sin registro MCPOL;FB_LP_MCPOL_REGISTROS180D;Visitas a la landing registro MCPOL;;;
Maestría en Marketing con mención en Estrategia Digital;MMED;Posgrado;Posgrado Presencial;Escuela de Negocios;EDN;UDLA5P098-202500-098-MMED052025-1;UDLA_PS_EDN_MMED_LTD_GENERAL;202500;Mk Digital-M;Maestría en Marketing con mención en Estrategia Digital;https://www.udla.edu.ec/estudios/posgrado/maestria-en-marketing-con-mencion-en-estrategia-digital/;FB_LP_MMED_VISITAS180D;Visitas a la landing MMED;FB_LP_MMED_SINREGISTRO180D;Visitas a la landing sin registro MMED;FB_LP_MMED_REGISTROS180D;Visitas a la landing registro MMED;;;
Maestría en Derecho Digital e Innovación con mención en Economía, Confianza y Transformación Digital;MDDIEME;Posgrado;Posgrado Presencial;Facultad de Derecho;FDERECH;UDLA5P046-202500-046-MDGI052025-1;UDLA_PS_FDERECH_MDDIEME_LTD_GENERA;202500;Derecho Digital-M;Maestría en Derecho Digital e Innovación con mención en Economía, Confianza y Transformación Digital;https://www.udla.edu.ec/estudios/posgrado/derecho-digital-e-innovacion-con-mencion-en-economia-confianza-y-transformacion-digital/;FB_LP_MDDIEME_VISITAS180D;Visitas a la landing MDDIEME;FB_LP_MDDIEME_SINREGISTRO180D;Visitas a la landing sin registro MDDIEME;FB_LP_MDDIEME_REGISTROS180D;Visitas a la landing registro MDDIEME;;;
Maestría en Gestión del Talento Humano, mención Desarrollo Organizacional;MGTDHDO;Posgrado;Posgrado Presencial;Facultad de Posgrados;POSG;UDLA5P961-202500-961-MGA102024-1;UDLA_PS_POSG_MGTDHDO_LT_GENERAL;202500;Talento Humano-M;Maestría en Gestión del Talento Humano, mención Desarrollo Organizacional;https://www.udla.edu.ec/estudios/posgrado/gestion-del-talento-humano-mencion-desarrollo-organizacional/;FB_LP_MGTDHDO_VISITAS180D;Visitas a la landing MGTDHDO;FB_LP_MGTDHDO_SINREGISTRO180D;Visitas a la landing sin registro MGTDHDO;FB_LP_MGTDHDO_REGISTROS180D;Visitas a la landing registro MGTDHDO;;;
Especialización en Endodoncia;EED;Posgrado;Posgrado Presencial;Facultad de Ciencias de la Salud;SALUD;np;np;202500;;Especialización en Endodoncia;https://www.udla.edu.ec/estudios/posgrado/especializacion-en-endodoncia/;FB_LP_EED_VISITAS180D;Visitas a la landing EED;FB_LP_EED_SINREGISTRO180D;Visitas a la landing sin registro EED;FB_LP_EED_REGISTROS180D;Visitas a la landing registro EED;;;
Maestría en Neuromarketing;MNEURO;Posgrado;Posgrado Híbrido;Facultad de Ciencias Económicas y Administrativas;FACEA;UDLA5H105-202500-105-MNEM112024-1;UDLA_PS_FACEA_MNEURO_LTD_GENERAL;202500;Neuromarketing-H;Maestría en Neuromarketing;https://www.udla.edu.ec/estudios/posgrado/neuromarketing/;FB_LP_MNEURO_VISITAS180D;Visitas a la landing MNEURO;FB_LP_MNEURO_SINREGISTRO180D;Visitas a la landing sin registro MNEURO;FB_LP_MNEURO_REGISTROS180D;Visitas a la landing registro MNEURO;;;
Maestría en Gestión y Automatización de Procesos;MGAP;Posgrado;Posgrado Híbrido;Facultad de Ingeniería y Ciencias Aplicadas;FICA;UDLA5H086-202500-086-GADP022025-5;UDLA_PS_POSG_MGAP_LT_GENERAL;202500;Automatización-H;Maestría en Gestión y Automatización de Procesos;https://www.udla.edu.ec/estudios/posgrado/gestion-y-automatizacion-de-procesos/;FB_LP_MGAP_VISITAS180D;Visitas a la landing MGAP;FB_LP_MGAP_SINREGISTRO180D;Visitas a la landing sin registro MGAP;FB_LP_MGAP_REGISTROS180D;Visitas a la landing registro MGAP;;;
Maestría en Inteligencia Artificial Aplicada;MINART;Posgrado;Posgrado Híbrido;Facultad de Ingeniería y Ciencias Aplicadas;FICA;UDLA5H106-202500-106-MIAA112024-1;UDLA_PS_FICA_MINART_HB_LTD_GENERAL;202500;Inteligencia Artificial-H;Maestría en Inteligencia Artificial Aplicada;https://www.udla.edu.ec/estudios/posgrado/inteligencia-artificial-aplicada/;FB_LP_MINART_VISITAS180D;Visitas a la landing MINART;FB_LP_MINART_SINREGISTRO180D;Visitas a la landing sin registro MINART;FB_LP_MINART_REGISTROS180D;Visitas a la landing registro MINART;;;
Maestría en Enfermería;MEEH;Posgrado;Posgrado Híbrido;Facultad de Ciencias de la Salud;SALUD;UDLA5H094-202500-094-MNUP022025-3;UDLA_PS_SALUD_MEEH_LT_GENERAL;202500;Enfermería-H;Maestría en Enfermería;https://www.udla.edu.ec/estudios/posgrado/enfermeria/;FB_LP_MEEH_VISITAS180D;Visitas a la landing MEEH;FB_LP_MEEH_SINREGISTRO180D;Visitas a la landing sin registro MEEH;FB_LP_MEEH_REGISTROS180D;Visitas a la landing registro MEEH;;;
Maestría en Nutrición Pediátrica;MNPE;Posgrado;Posgrado Híbrido;Facultad de Ciencias de la Salud;SALUD;UDLA5H006-202500-006-MEMH022025-15;UDLA_PS_SALUD_MNPE_LT_GENERAL;202500;Nutrición Pediátrica-H;Maestría en Nutrición Pediátrica;https://www.udla.edu.ec/estudios/posgrado/nutricion-pediatrica/;FB_LP_MNPE_VISITAS180D;Visitas a la landing MNPE;FB_LP_MNPE_SINREGISTRO180D;Visitas a la landing sin registro MNPE;FB_LP_MNPE_REGISTROS180D;Visitas a la landing registro MNPE;;;
Maestría en Psicoterapia;MPSI;Posgrado;Posgrado Híbrido;Escuela de Psicología y Educación;EPSIC;UDLA5H077-202500-077-MPSI022025-10;UDLA_PS_EPSIC_MPSI_LT_GENERAL;202500;Psicoterapia-H;Maestría en Psicoterapia;https://www.udla.edu.ec/estudios/posgrado/psicoterapia/;FB_LP_MPSI_VISITAS180D;Visitas a la landing MPSI;FB_LP_MPSI_SINREGISTRO180D;Visitas a la landing sin registro MPSI;FB_LP_MPSI_REGISTROS180D;Visitas a la landing registro MPSI;;;
Programa Internacional FIFA en Gestión Deportiva;GDFIFA;Educación Continua;EDCO;Educación Continua;EDCO;EDCO5P013-202501-E013-FIFA032025-1;UDLA_EDCO_GDFIFA_LTD_GENERAL;202401;FIFA;Programa Internacional FIFA en Gestión Deportiva;;;;;;;;;;
"3ER. CURSO UDLA
DE ACTUALIZACIÓN EN MEDICINA:
“NEUROLOGÍA Y PSIQUIATRÍA”";NEUPSI;Educación Continua;EDCO;Educación Continua;EDCO;;;202401;;"3ER. CURSO UDLA
DE ACTUALIZACIÓN EN MEDICINA:
“NEUROLOGÍA Y PSIQUIATRÍA”";https://sitios.udla.edu.ec/proyectos/curso-udla-actualizacion-medicina-neurologia-psiquiatria/;FB_LP_NEUPSI_VISITAS180D;Visitas a la landing NEUPSI;FB_LP_NEUPSI_SINREGISTRO180D;Visitas a la landing sin registro NEUPSI;FB_LP_NEUPSI_REGISTROS180D;Visitas a la landing registro NEUPSI;;;
Taller de Manejo de objeciones y cierre de ventas;TMOCV;Educación Continua;EDCO;Educación Continua;EDCO;EDCO5P132-202501-E132-VCMO012025-1;UDLA_EDCO_TMOCV_LTD_GENERAL;202501;TMOCV;Taller de Manejo de objeciones y cierre de ventas;https://www.udla.edu.ec/estudios/educacion-continua/taller-de-manejo-de-objeciones-y-cierre-de-ventas/;FB_LP_TMOCV_VISITAS180D;Visitas a la landing TMOCV;FB_LP_TMOCV_SINREGISTRO180D;Visitas a la landing sin registro TMOCV;FB_LP_TMOCV_REGISTROS180D;Visitas a la landing registro TMOCV;;;
Certificación en Comunicación 360 para Ejecutivos;COM360;Educación Continua;EDCO;Educación Continua;EDCO;EDCO5P131-202501-E131-CCPE012025-1;UDLA_EDCO_COM360_LTD_GENERAL ;202501;COM360;Certificación en Comunicación 360 para Ejecutivos;https://www.udla.edu.ec/estudios/educacion-continua/comunicacion-360-para-ejecutivos/;FB_LP_COM360_VISITAS180D;Visitas a la landing COM360;FB_LP_COM360_SINREGISTRO180D;Visitas a la landing sin registro COM360;FB_LP_COM360_REGISTROS180D;Visitas a la landing registro COM360;;;
Diplomado en Importaciones;DIMPO;Educación Continua;EDCO;Educación Continua;EDCO;EDCO5P051-202501-E051-DIMP022025-1;UDLA_EDCO_DIMPO_LTD_GENERAL;202501;DIMP;Diplomado en Importaciones;https://www.udla.edu.ec/estudios/educacion-continua/diplomado-en-importaciones/;FB_LP_DIMPO_VISITAS180D;Visitas a la landing DIMPO;FB_LP_DIMPO_SINREGISTRO180D;Visitas a la landing sin registro DIMPO;FB_LP_DIMPO_REGISTROS180D;Visitas a la landing registro DIMPO;;;
Diplomado Formación de Profesores de Español como Lengua Extranjera;FPELE;Educación Continua;EDCO;Educación Continua;EDCO;EDCO5S033-202501-E033-EDED042025-1;UDLA_EDCO_FPELE_LTD_GENERAL;202501;EDED;Diplomado Formación de Profesores de Español como Lengua Extranjera;https://www.udla.edu.ec/estudios/educacion-continua/diplomado-formacion-de-profesores-de-espanol-como-lengua-extranjera/;FB_LP_FPELE_VISITAS180D;Visitas a la landing FPELE;FB_LP_FPELE_SINREGISTRO180D;Visitas a la landing sin registro FPELE;FB_LP_FPELE_REGISTROS180D;Visitas a la landing registro FPELE;;;
Centro de Simulación Clínica;CSC;Educación Continua;EDCO;Educación Continua;EDCO;np;np;202501;CSC;Centro de Simulación Clínica;https://sitios.udla.edu.ec/centro_simulacion_clinica/cursos-de-especializacion-csc/;FB_LP_CSC_VISITAS180D;Visitas a la landing CSC;FB_LP_CSC_SINREGISTRO180D;Visitas a la landing sin registro CSC;FB_LP_CSC_REGISTROS180D;Visitas a la landing registro CSC;;;
Curso de Formación: Experto en ventas y liderazgo de equipos comerciales;CEVLEC;Educación Continua;EDCO;Educación Continua;EDCO;EDCO5P082-202501-E082-PDEV022025-1;UDLA_EDCO_CEVLEC_LTD_GENERAL;202501;CEVLEC;Curso de Formación: Experto en ventas y liderazgo de equipos comerciales;https://www.udla.edu.ec/estudios/educacion-continua/curso-de-formacion-experto-en-ventas-y-liderazgo-de-equipos-comerciales/;FB_LP_CEVLEC_VISITAS180D;Visitas a la landing CEVLEC;FB_LP_CEVLEC_SINREGISTRO180D;Visitas a la landing sin registro CEVLEC;FB_LP_CEVLEC_REGISTROS180D;Visitas a la landing registro CEVLEC;;;
Diplomado en Gestión y Desarrollo de Proyectos en Multilaterales;DGDPM;Educación Continua;EDCO;Educación Continua;EDCO;EDCO5P150-202501-E150-GDPM032025-1;UDLA_EDCO_DGDPM_LTD_GENERAL;202501;DGDPM;Diplomado en Gestión y Desarrollo de Proyectos en Multilaterales;https://www.udla.edu.ec/estudios/educacion-continua/diplomado-en-gestion-y-desarrollo-de-proyectos-en-multilaterales/;FB_LP_DGDPM_VISITAS180D;Visitas a la landing DGDPM;FB_LP_DGDPM_SINREGISTRO180D;Visitas a la landing sin registro DGDPM;FB_LP_DGDPM_REGISTROS180D;Visitas a la landing registro DGDPM;;;
Diplomado en Casación y su Aplicación en el Ecuador;DCSAE;Educación Continua;EDCO;Educación Continua;EDCO;EDCO5P072-202501-E072-DCAE032025-1;UDLA_EDCO_DCSAE_LTD_GENERAL;202501;DCSAE;Diplomado en Casación y su Aplicación en el Ecuador;https://www.udla.edu.ec/estudios/educacion-continua/diplomado-en-casacion-y-su-aplicacion-en-el-ecuador/;FB_LP_DCSAE_VISITAS180D;Visitas a la landing DCSAE;FB_LP_DCSAE_SINREGISTRO180D;Visitas a la landing sin registro DCSAE;FB_LP_DCSAE_REGISTROS180D;Visitas a la landing registro DCSAE;;;
Diplomado Internacional en Control de Gestión & Business Analytics;DICGBA;Educación Continua;EDCO;Educación Continua;EDCO;EDCO5P043-202502-E043-CGBA052025-1;UDLA_EDCO_DICGBA_LTD_GENERAL;202501;DICGBA;Diplomado Internacional en Control de Gestión & Business Analytics;https://www.udla.edu.ec/estudios/educacion-continua/control-de-gestion-y-business-analytics-chartered/;FB_LP_DICGBA_VISITAS180D;Visitas a la landing DICGBA;FB_LP_DICGBA_SINREGISTRO180D;Visitas a la landing sin registro DICGBA;FB_LP_DICGBA_REGISTROS180D;Visitas a la landing registro DICGBA;;;
Taller de Inteligencia Artificial Aplicada en los Negocios;TIAAN ;Educación Continua;EDCO;Educación Continua;EDCO;EDCO5P148-202501-E148-IAAN052025-1;UDLA_EDCO_TIAAN_LTD_GENERAL;202501;TIAAN ;Taller de Inteligencia Artificial Aplicada en los Negocios;https://www.udla.edu.ec/estudios/educacion-continua/taller-de-inteligencia-artificial-aplicada-en-los-negocios/;FB_LP_TIAAN _VISITAS180D;Visitas a la landing TIAAN ;FB_LP_TIAAN _SINREGISTRO180D;Visitas a la landing sin registro TIAAN ;FB_LP_TIAAN _REGISTROS180D;Visitas a la landing registro TIAAN ;;;
Curso de actualización en Enfermería;CAEE;Educación Continua;EDCO;Educación Continua;EDCO;EDCO5P152-202501-E152-ACCE062025-1;UDLA_EDCO_CAEE_LTD_GENERAL;202501;CAEE;Curso de actualización en Enfermería;https://www.udla.edu.ec/estudios/educacion-continua/curso-de-actualizacion-en-enfermeria/;FB_LP_CAEE_VISITAS180D;Visitas a la landing CAEE;FB_LP_CAEE_SINREGISTRO180D;;;;;;
Programa de Actualización en Conocimientos y Competencias en Medicina General;PACCMG;Educación Continua;EDCO;Educación Continua;EDCO;EDCO5P156-202501-E156-ACCM062025-1;UDLA_EDCO_PACCMG_LTD_GENERAL;202501;PACCMG;Programa de Actualización en Conocimientos y Competencias en Medicina General;https://www.udla.edu.ec/estudios/educacion-continua/programa-de-actualizacion-en-conocimientos-y-competencias-en-medicina/;FB_LP_PACCMG_VISITAS180D;Visitas a la landing PACCMG;FB_LP_PACCMG_SINREGISTRO180D;;;;;;
Programa de Actualización en Odontología;PAODT;Educación Continua;EDCO;Educación Continua;EDCO;EDCO5P155-202501-E155-ACCO062025-1;UDLA_EDCO_PAODT_LTD_GENERAL;202501;PAODT;Programa de Actualización en Odontología;https://www.udla.edu.ec/estudios/educacion-continua/programa-de-actualizacion-en-odontologia/;FB_LP_PAODT_VISITAS180D;Visitas a la landing PAODT;FB_LP_PAODT_SINREGISTRO180D;;;;;;
Diplomado en Ultrasonografía Avanzada Cardiopulmonar (POCUS - UDLA);DUCP;Educación Continua;EDCO;Educación Continua;EDCO;EDCO5P105-202501-E105-CUCP092025-2;;202501;DUCP;Diplomado en Ultrasonografía Avanzada Cardiopulmonar (POCUS - UDLA);https://www.udla.edu.ec/estudios/educacion-continua/curso-en-ultrasonografia-avanzada-cardio-pulmonar-pocus/;FB_LP_DUCP_VISITAS180D;Visitas a la landing DUCP;FB_LP_DUCP_SINREGISTRO180D;;;;;;
Diplomado en Microbiología Clínica;DMBC;Educación Continua;EDCO;Educación Continua;EDCO;EDCO5P153-202501-E153-DMBC072025-1;UDLA_EDCO_DMBC_LTD_GENERAL;202501;DMBC;Diplomado en Microbiología Clínica;https://www.udla.edu.ec/estudios/educacion-continua/diplomado-en-microbiologia-clinica/;FB_LP_DMBC_VISITAS180D;Visitas a la landing DMBC;FB_LP_DMBC_SINREGISTRO180D;;;;;;
Diplomado en Diagnóstico y Rehabilitación de Lesiones Traumatológicas del Miembro Inferior;DDRLT;Educación Continua;EDCO;Educación Continua;EDCO;;;;;;;;;;;;;;;
Especialización en Enfermería en Gestión de Centros Quirúrgicos e Instrumentación;EE-EGCQI;Posgrado;Posgrado Presencial;Facultad de Ciencias de la Salud;SALUD;;;202500;;Especialización en Enfermería en Gestión de Centros Quirúrgicos e Instrumentación;https://www.udla.edu.ec/estudios/posgrado/especializacion-en-enfermeria-en-gestion-de-centros-quirurgicos-e-instrumentacion/;FB_LP_EE-EGCQI_VISITAS180D;Visitas a la landing EE-EGCQI;FB_LP_EE-EGCQI_SINREGISTRO180D;Visitas a la landing sin registro EE-EGCQI;FB_LP_EE-EGCQI_REGISTROS180D;Visitas a la landing registro EE-EGCQI;;;
Especialización en Enfermería de Cuidados Críticos;EE-EECR;Posgrado;Posgrado Presencial;Facultad de Ciencias de la Salud;SALUD;;;202500;;Especialización en Enfermería de Cuidados Críticos;https://www.udla.edu.ec/estudios/posgrado/especializacion-en-enfermeria-de-cuidados-criticos/;FB_LP_EE-EECR_VISITAS180D;Visitas a la landing EE-EECR;FB_LP_EE-EECR_SINREGISTRO180D;Visitas a la landing sin registro EE-EECR;FB_LP_EE-EECR_REGISTROS180D;Visitas a la landing registro EE-EECR;;;
Especialización en Rehabilitación Oral y Prótesis implanto asistida;EED;Posgrado;;;SALUD;;;;;;;FB_LP_EED_VISITAS180D;Visitas a la landing EED;FB_LP_EED_SINREGISTRO180D;Visitas a la landing sin registro EED;FB_LP_EED_REGISTROS180D;Visitas a la landing registro EED;;;
Institucional Pmax;INST_PMAX;Institucional;Institucional;Institucional;UDLA;NP;NP;2025;;Institucional;https://www.udla.edu.ec/futuros-estudiantes/solicitud-admision/;;;;;;;;;
Institucional pregrado;PREGRADO;Institucional;Pregrado Diurno;Institucional;UDLA;NP;NP;202610;;Institucional pregrado;;FB_LP_PREGRADO_INST_VISITAS180D;Visitas a la landing PREGRADO_INST;FB_LP_PREGRADO_INST_SINREGISTRO180D;Visitas a la landing sin registro PREGRADO_INST;FB_LP_PREGRADO_INST_REGISTROS180D;Visitas a la landing registro PREGRADO_INST;;;
Institucional posgrado;POSGRADO;Institucional;Posgrado Presencial;Institucional;UDLA;NP;NP;202600;;Institucional posgrado;https://www.udla.edu.ec/estudios/posgrado/;FB_LP_POSGRADO_INST_VISITAS180D;Visitas a la landing POSGRADO_INST;FB_LP_POSGRADO_INST_SINREGISTRO180D;Visitas a la landing sin registro POSGRADO_INST;FB_LP_POSGRADO_INST_REGISTROS180D;Visitas a la landing registro POSGRADO_INST;;;
Institucional;INST;Institucional;Institucional;Institucional;UDLA;NP;NP;2025;;Institucional;https://www.udla.edu.ec/futuros-estudiantes/solicitud-admision/;FB_LP_INST_VISITAS180D;Visitas a la landing INST;FB_LP_INST_SINREGISTRO180D;Visitas a la landing sin registro INST;FB_LP_INST_REGISTROS180D;Visitas a la landing registro INST;;;
Institucional pregrado HIBRIDO;PREGRADO HB;Institucional;Pregrado Híbrido;Institucional;UDLA;NP;NP;202610;;Institucional pregrado HIBRIDO;https://sitios.udla.edu.ec/admisiones-udla/modalidad-hibrida/;FB_LP_PREGRADO H_INST_VISITAS180D;Visitas a la landing PREGRADO H_INST;FB_LP_PREGRADO H_INST_SINREGISTRO180D;Visitas a la landing sin registro PREGRADO H_INST;FB_LP_PREGRADO H_INST_REGISTROS180D;Visitas a la landing registro PREGRADO H_INST;;;
Institucional posgrado HIBRIDO;POSGRADO HB;Institucional;Posgrado Híbrido;Institucional;UDLA;NP;NP;202600;;Institucional posgrado HIBRIDO;;FB_LP_POSGRADO H_INST_VISITAS180D;Visitas a la landing POSGRADO H_INST;FB_LP_POSGRADO H_INST_SINREGISTRO180D;Visitas a la landing sin registro POSGRADO H_INST;FB_LP_POSGRADO H_INST_REGISTROS180D;Visitas a la landing registro POSGRADO H_INST;;;
Institucional pregrado VESPERTINO;PREGRADO VE;Institucional;Pregrado Vespertino;Institucional;UDLA;NP;NP;202610;;Institucional pregrado VESPERTINO;https://sitios.udla.edu.ec/admisiones-udla/carreras-nocturnas/;FB_LP_PREGRADO V_INST_VISITAS180D;Visitas a la landing PREGRADO V_INST;FB_LP_PREGRADO V_INST_SINREGISTRO180D;Visitas a la landing sin registro PREGRADO V_INST;FB_LP_PREGRADO V_INST_REGISTROS180D;Visitas a la landing registro PREGRADO V_INST;;;
Educación Continua;EDCO;Institucional;EDCO;Institucional;UDLA;NP;NP;202501;;Educación Continua;;FB_LP_EDCO_INST_VISITAS180D;Visitas a la landing EDCO_INST;FB_LP_EDCO_INST_SINREGISTRO180D;Visitas a la landing sin registro EDCO_INST;FB_LP_EDCO_INST_REGISTROS180D;Visitas a la landing registro EDCO_INST;;;
Institucional competencia;COMP;Institucional;Institucional;Institucional;UDLA;NP;NP;2025;;Institucional competencia;;FB_LP_COMP_INST_VISITAS180D;Visitas a la landing COMP_INST;FB_LP_COMP_INST_SINREGISTRO180D;Visitas a la landing sin registro COMP_INST;FB_LP_COMP_INST_REGISTROS180D;Visitas a la landing registro COMP_INST;;;
institucional HIBRIDO;INST H;Institucional;Institucional;Institucional;UDLA;NP;NP;2025;;institucional HIBRIDO;;FB_LP_INST H_VISITAS180D;Visitas a la landing INST H;FB_LP_INST H_SINREGISTRO180D;Visitas a la landing sin registro INST H;FB_LP_INST H_REGISTROS180D;Visitas a la landing registro INST H;;;
Institucional Homologaciones;HOMOL;Institucional;Institucional;Institucional;UDLA;NP;NP;2025;;Institucional Homologaciones;https://sitios.udla.edu.ec/homologacion/;;;;;;;;;
BoostPost Musica;BPMUS;Institucional;Institucional;Institucional;UDLA;NP;NP;2025;;;;;;;;;;;;
CarruselProgramasActualizaciónSalud;CPASALUD;Educación Continua;EDCO;Educación Continua;EDCO;;;;;;;;;;;;;;;
CampañasTTCX;TTCX;Institucional;Institucional;Institucional;UDLA;NP;NP;2025;;CampañasTTCX;;;;;;;;;;
SUMMER CAMP NODO;CAMPNODO;Institucional;Institucional;Facultad de Comunicación y Artes Visuales NODO;NODO;;;2025;;;https://sitios.udla.edu.ec/proyectos/summer-camp-nodo/;;;;;;;;;
SUMMER CAMP FICA;CAMPFICA;Institucional;Institucional;Facultad de Ingeniería y Ciencias Aplicadas;FICA;;;2025;;;https://sitios.udla.edu.ec/proyectos/summer-camp-fica/;;;;;;;;;
EXPLORANDO ANDO ODONTO;EXPLODONT;Institucional;Institucional;Facultad de Odontología;FODONT;;;;;;https://sitios.udla.edu.ec/eventos/casa-abierta-odontologia/;;;;;;;;;
Bootcamp FICA;BOOTFICA;Institucional;Institucional;Facultad de Ingeniería y Ciencias Aplicadas;FICA;;;2025;;;https://sitios.udla.edu.ec/proyectos/bootcamp-fica/;;;;;;;;;
Casa Abierta EDN;CASAEDN;Posgrado;Institucional;Escuela de Negocios;EDN;;;2025;;;https://sitios.udla.edu.ec/proyectos/casa-abierta-escuela-negocios/;;;;;;;;;
SymposiaCancer;SYMCAN;Institucional;Institucional;Institucional;UDLA;NP;NP;2025;;;https://sitios.udla.edu.ec/symposia/;;;;;;;;;
Facultad de Ciencias Económicas y Administrativas;FACEA;Pregrado;Pregrado Diurno;Facultad de Ciencias Económicas y Administrativas;FACEA;NP;NP;2025;;;;;;;;;;;;
Facultad de Ingeniería y Ciencias Aplicadas;FICA;Pregrado;Pregrado Diurno;Facultad de Ingeniería y Ciencias Aplicadas;FICA;NP;NP;2025;;;;;;;;;;;;
Facultad de Arquitectura;FARQTO;Pregrado;Pregrado Diurno;Facultad de Arquitectura;FARQTO;NP;NP;2025;;;;;;;;;;;;
Facultad de Ciencias Políticas y Relaciones Internacionales;CPRI;Pregrado;Pregrado Diurno;Facultad de Ciencias Políticas y Relaciones Internacionales;CPRI;NP;NP;2025;;;;;;;;;;;;
Facultad de Comunicación y Artes Visuales NODO;NODO;Pregrado;Pregrado Diurno;Facultad de Comunicación y Artes Visuales NODO;NODO;NP;NP;2025;;;;;;;;;;;;
Facultad de Derecho;FDEREC;Pregrado;Pregrado Diurno;Facultad de Derecho;FDEREC;NP;NP;2025;;;;;;;;;;;;
Facultad de Ciencias de la Salud;SALUD;Pregrado;Pregrado Diurno;Facultad de Ciencias de la Salud;SALUD;NP;NP;2025;;;;;;;;;;;;
Escuela de Gastronomía;EGASTRO;Pregrado;Pregrado Diurno;Escuela de Gastronomía;EGASTRO;NP;NP;2025;;;;;;;;;;;;
Facultad de Medicina;FMEDIC;Pregrado;Pregrado Diurno;Facultad de Medicina;FMEDIC;NP;NP;2025;;;;;;;;;;;;
Escuela de Música;EMUSIC;Pregrado;Pregrado Diurno;Escuela de Música;EMUSIC;NP;NP;2025;;;;;;;;;;;;
Facultad de Odontología;FODONT;Pregrado;Pregrado Diurno;Facultad de Odontología;FODONT;NP;NP;2025;;;;;;;;;;;;
Escuela de Psicología y Educación;EPSIC;Pregrado;Pregrado Diurno;Escuela de Psicología y Educación;EPSIC;NP;NP;2025;;;;;;;;;;;;
Expo Posgrados 2025;EXPOPS;Posgrado;Posgrado Presencial;Institucional;UDLA;NP;NP;2025;;;https://sitios.udla.edu.ec/expoposgrados/registro-informacion/;;;;;;;;;
Maestría en Asesoría y Gerencia Legal de Empresas;MAGLD;Posgrado;Posgrado Híbrido;Facultad de Derecho;FDERECH;UDLA5H111-202670-111-MAGL022026-1;UDLA_PS_FDERECH_MAGLD_HB_LTD_GENERAL;202600;;;https://www.udla.edu.ec/estudios/posgrado/maestria-en-asesoria-y-gerencia-legal-de-empresas/;;;;;;;;;
